grupo,imagen,roi_idx,matricula,confianza,bbox
port_log_images,0001_complete_patente.jpg,0,ROS4RIO,0.6137171189315255,"[255, 47, 175, 39]"
port_log_images,0002_complete_patente.jpg,0,ALPHA,0.32694529382966836,"[328, 178, 110, 30]"
port_log_images,0002_plate.jpg,0,GENOV,0.9458707594056704,"[147, 32, 136, 38]"
port_log_images,0003_complete_patente.jpg,0,PIL -SANTA,0.693102587325926,"[449, 220, 180, 43]"
port_log_images,0003_plate_patente.jpg,0,ROSARI,0.8045178142302065,"[146, 27, 151, 37]"
port_log_images,0004_plate.jpg,0,MAERSK,0.9992780153037192,"[35, 36, 170, 40]"
port_log_images,0011_complete.jpg,0,ROSARIO,0.5990630775534636,"[321, 95, 189, 36]"
port_log_images,0014_complete_patente.jpg,0,GENOVA,0.8415469930152072,"[164, 240, 144, 32]"
port_log_images,0015_plate_patente.jpg,0,LITORAL,0.9997473585702257,"[111, 22, 162, 32]"
port_log_images,0017_plate_patente.jpg,0,HAPA6,0.9427325549830233,"[41, 29, 119, 37]"
port_log_images,0018_complete_patente.jpg,0,MAERSK -,0.9427255543845181,"[71, 86, 189, 60]"
port_log_images,0018_complete_patente.jpg,1,PAMPAS,0.8710045302222249,"[262, 114, 145, 38]"
port_log_images,0019_plate_patente.jpg,0,HAPAG-,0.9816895887983292,"[40, 35, 153, 36]"
port_log_images,0020_complete_patente.jpg,0,HAPAG-,0.4402244502080282,"[54, 68, 135, 36]"
port_log_images,0020_plate_patente.jpg,0,ARANA,0.9878961594905996,"[188, 31, 163, 44]"
port_log_images,0021_complete_patente.jpg,0,PIL -SANT4,0.8725486990456196,"[116, 190, 231, 61]"
port_log_images,0023_complete_patente.jpg,0,GENDMA,0.3138003204511776,"[378, 135, 174, 35]"
port_log_images,0023_plate_patente.jpg,0,MAERSK,0.9948222224193882,"[24, 30, 160, 37]"
port_log_images,0024_plate.jpg,0,PAMPAS,0.8244566659589432,"[258, 26, 181, 45]"
port_log_images,0024_plate.jpg,1,MAERSK,0.6243454654530826,"[41, 24, 186, 42]"
port_log_images,0025_complete_patente.jpg,0,GLORT,0.4350672103065567,"[279, 250, 116, 36]"
port_log_images,0025_plate_patente.jpg,0,MAERSK,0.6689100423994796,"[33, 23, 165, 39]"
port_log_images,0026_complete_patente.jpg,0,-BESTE,0.5255221372175551,"[127, 245, 149, 43]"
port_log_images,0028_complete_patente.jpg,1,-ALPHA,0.543085620734866,"[180, 216, 135, 38]"
port_log_images,0028_plate_patente.jpg,0,PARANA,0.7165993578854967,"[120, 22, 136, 37]"
port_log_images,0030_plate_patente.jpg,0,MAERSK,0.9986433467969773,"[22, 29, 201, 46]"
port_log_images,0030_plate_patente.jpg,1,AMP4S,0.5459582258437479,"[288, 30, 163, 46]"
port_log_images,0031_complete_patente.jpg,0,PLATA,0.6384679438683717,"[121, 268, 134, 33]"
port_log_images,0031_plate_patente.jpg,0,HAPA6,0.9680669773977356,"[20, 23, 146, 42]"
port_log_images,0032_complete_patente.jpg,0,ALPHA,0.6607112122645918,"[256, 236, 108, 28]"
port_log_images,0032_plate_patente.jpg,1,TIGRE,0.9796011473990867,"[177, 32, 130, 35]"
port_log_images,0032_plate_patente.jpg,0,COSCO-,0.5483918600747848,"[24, 32, 150, 35]"
port_log_images,0034_complete_patente.jpg,0,GLORY,0.9886894245969149,"[470, 155, 122, 35]"
port_log_images,0034_plate_patente.jpg,0,MAERSK,0.9988108091697678,"[30, 28, 163, 40]"
port_log_images,0035_plate_patente.jpg,0,HAPA6,0.9994015514915562,"[19, 35, 149, 41]"
port_log_images,0037_complete_patente.jpg,0,PARANA,0.6418042302089213,"[303, 124, 149, 36]"
port_log_images,0038_complete.jpg,0,COSCO,0.8985285999060623,"[294, 194, 107, 28]"
port_log_images,0038_plate_patente.jpg,1,PAMPAS,0.4131256893598705,"[189, 31, 141, 31]"
port_log_images,0038_plate_patente.jpg,0,MAERSK,0.3021454995351824,"[19, 30, 144, 32]"
port_log_images,0039_plate_patente.jpg,0,ROSARI,0.7518852564915633,"[165, 29, 198, 47]"
port_log_images,0043_plate_patente.jpg,0,HAP46,0.99791977619248,"[32, 29, 152, 50]"
port_log_images,0044_plate_patente.jpg,0,PARANA,0.9263041376297403,"[150, 31, 169, 40]"
port_log_images,0046_plate_patente.jpg,0,TORAL,0.9966533696769341,"[158, 15, 114, 34]"
port_log_images,0050_plate.jpg,0,HAP46,0.9913477753806155,"[24, 29, 124, 40]"
port_log_images,0053_plate_patente.jpg,0,-ROSARIO,0.7079519775236135,"[104, 26, 200, 43]"
port_log_images,0055_plate_patente.jpg,0,PARANA,0.9986848722121353,"[115, 29, 147, 31]"
